url_name,name,tags,ducats,live_buys,live_sells,buy_sell_ratio,top_buy_price,low_sell_price,spread,volume_48h,avg_price_48h,median_now,median_90d,medians_7d,donch_top_90d,donch_bot_90d,score
hammer_shot,Hammer Shot,"['mod', 'rare', 'rifle', 'primary']",,30,20,1.5,96,120,24,97,110.0,110.0,100.0,"[110.0, 110, 115.0, 105.0, 110, 110, 110.0]",130,90,26677.5
hydroid_prime_set,Hydroid Prime Set,"['warframe', 'prime', 'set']",205,14,37,0.38,85,95,10,149,95.4,95.0,90,"[95.0, 95, 95.0, 95.0, 95, 95, 95.0]",105,55,19584.0
saryn_prime_set,Saryn Prime Set,"['set', 'prime', 'warframe']",225,17,78,0.22,70,73,3,203,77.9,78.0,75.0,"[78.0, 79, 78.0, 80.0, 79, 79.0, 78.0]",80,73,19249.1
legendary_fusion_core,Legendary Fusion Core,['fusion core'],,20,42,0.48,76,90,14,95,90.2,90,90.0,"[90, 90, 90.0, 90.0, 90.0, 90.0, 90]",100,80,12642.8
primed_continuity,Primed Continuity,"['mod', 'legendary', 'warframe']",,20,35,0.57,100,66,-34,115,66.1,66.5,55,"[65, 65.0, 65, 68, 65, 69.0, 66.5]",75,55,11952.3
blind_rage,Blind Rage,"['mod', 'warframe', 'rare']",,19,59,0.32,58,18,-40,483,17.0,15,15,"[15, 16, 17, 16.0, 17, 18.0, 15]",20,11,10840.0
nyx_prime_neuroptics_blueprint,Nyx Prime Neuroptics Blueprint,"['component', 'prime', 'warframe', 'blueprint']",100,18,28,0.64,21,24,3,289,22.2,23,39.0,"[22.0, 22.0, 24, 23.0, 22, 22, 23]",28,17,10545.5
acid_shells,Acid Shells,"['mod', 'uncommon', 'primary', 'sobek']",,16,14,1.14,27,35,8,138,35.5,38.0,30,"[30, 33, 33, 34.5, 35, 35.0, 38.0]",44,25,10487.1
energy_conversion,Energy Conversion,"['mod', 'rare', 'warframe']",,16,19,0.84,46,58,12,102,55.0,55,54.5,"[55, 60.0, 55.5, 54.5, 58.0, 58, 55]",60,43,10337.0
rhino_prime_blueprint,Rhino Prime Blueprint,"['blueprint', 'prime', 'warframe']",100,14,23,0.61,20,18,-2,319,19.2,20,29,"[20, 19.0, 20, 20, 19, 19.0, 20]",22,17,9852.5
frost_prime_set,Frost Prime Set,"['set', 'prime', 'warframe']",175,17,51,0.33,74,78,4,74,79.5,80,75,"[80, 80.0, 80, 80, 80.0, 80, 80]",140,60,7843.3
pyrana_prime_blueprint,Pyrana Prime Blueprint,"['weapon', 'prime', 'secondary', 'blueprint']",100,14,3,4.67,33,50,17,37,37.4,37.0,38,"[39.5, 30, 40, 39.0, 35.5, 39.0, 37.0]",46,21,7842.7
thermite_rounds,Thermite Rounds,"['mod', 'rare', 'rifle', 'primary']",,13,30,0.43,15,15,0,250,21.1,22,20.0,"[25.0, 20, 20, 20.0, 20, 20, 22]",27,17,7552.9
overextended,Overextended,"['mod', 'warframe', 'rare']",,12,42,0.29,9,10,1,437,12.6,14.0,14,"[13.0, 13, 13, 14, 14.0, 14.0, 14.0]",15,11,7093.9
helios_prime_set,Helios Prime Set,"['prime', 'sentinel', 'set']",205,11,33,0.33,60,70,10,63,70.9,70.0,70,"[70, 70.0, 70, 70.0, 70, 70.0, 70.0]",78,62,5957.3
primed_heated_charge,Primed Heated Charge,"['mod', 'legendary', 'secondary', 'pistol']",,16,96,0.17,100,48,-52,95,45.7,45,40.0,"[45.0, 47.5, 47, 45.0, 46, 45.5, 45]",50,40,5069.2
nova_prime_chassis_blueprint,Nova Prime Chassis Blueprint,"['component', 'prime', 'warframe', 'blueprint']",100,8,37,0.22,20,29,9,140,28.3,29,25.0,"[29.0, 29, 29, 29, 28, 30, 29]",30,25,4812.0
rime_rounds,Rime Rounds,"['mod', 'rare', 'rifle', 'primary']",,7,26,0.27,20,24,4,153,24.4,24,25.0,"[25, 25, 25, 25.0, 25.0, 25, 24]",28,20,4746.9
destreza_prime_set,Destreza Prime Set,"['weapon', 'prime', 'set', 'melee']",160,10,13,0.77,64,77,13,32,79.7,80.0,80.0,"[80, 80.0, 80, 80, 80, 80, 80.0]",90,64,4513.3
volt_prime_neuroptics_blueprint,Volt Prime Neuroptics Blueprint,"['component', 'prime', 'warframe', 'blueprint']",65,7,11,0.64,20,30,10,89,29.3,30.0,25.0,"[30.0, 30, 30, 30, 30.0, 30.0, 30.0]",35,25,4261.9
rhino_prime_neuroptics_blueprint,Rhino Prime Neuroptics Blueprint,"['component', 'prime', 'warframe', 'blueprint']",45,12,15,0.8,10,10,0,225,10.5,10.0,20,"[10, 10.0, 10.0, 10, 10.0, 10.0, 10.0]",15,8,4245.3
jolt,Jolt,"['mod', 'rare', 'pistol', 'secondary']",,13,38,0.34,30,38,8,72,42.1,45,39,"[45, 45.0, 40.0, 40.0, 45.0, 41.0, 45]",48,30,4064.6
oberon_prime_neuroptics_blueprint,Oberon Prime Neuroptics Blueprint,"['warframe', 'component', 'blueprint', 'prime']",100,7,11,0.64,25,31,6,75,32.9,34.0,30.0,"[35, 35.0, 34.0, 33.0, 35, 32.5, 34.0]",38,25,4042.6
dual_kamas_prime_set,Dual Kamas Prime Set,"['weapon', 'prime', 'set', 'melee']",305,7,31,0.23,55,74,19,40,75.9,75.0,70,"[78, 74.5, 75, 75, 75, 76.5, 75.0]",85,65,3720.3
banshee_prime_chassis_blueprint,Banshee Prime Chassis Blueprint,"['warframe', 'component', 'blueprint', 'prime']",100,5,8,0.62,25,34,9,71,32.0,33,30.0,"[30.0, 32.0, 32.0, 31.0, 35, 34.0, 33]",40,20,3695.2
nyx_prime_systems_blueprint,Nyx Prime Systems Blueprint,"['component', 'prime', 'warframe', 'blueprint']",45,9,16,0.56,10,10,0,257,8.8,9.0,10,"[9, 9.0, 9.5, 9.0, 9, 9.0, 9.0]",11,7,3552.3
primed_pressure_point,Primed Pressure Point,"['mod', 'legendary', 'melee']",,12,108,0.11,71,45,-26,67,46.1,49.0,39,"[45.0, 45, 48, 47.0, 45.5, 42.5, 49.0]",50,40,3433.9
arcane_squall_helmet,Arcane Squall Helmet,"['arcane_helmet', 'skin']",,2,2,1.0,150,888,738,4,418.8,400.0,397.0,"[411.5, 400, 500, 340.0, 600, 390, 400.0]",600,230,3350.0
arcane_energize,Arcane Energize,"['legendary', 'arcane_enhancement']",,18,117,0.15,78,6,-72,430,6.4,7.0,6,"[7.0, 6, 7.0, 7.0, 7.0, 7.0, 7.0]",8,5,3152.3
ayatan_orta_sculpture,Ayatan Orta Sculpture,['ayatan_sculpture'],,11,36,0.31,30,3,-27,384,6.1,3.5,5.0,"[3.0, 7.0, 3, 6, 5.5, 6, 3.5]",9,2,3056.3
vasto_prime_set,Vasto Prime Set,"['weapon', 'prime', 'set', 'secondary']",75,2,34,0.06,15,22,7,110,25.2,25,20.0,"[25, 25, 25, 25.0, 25.0, 25.0, 25]",35,15,2933.5
lethal_torrent,Lethal Torrent,"['mod', 'rare', 'pistol', 'secondary']",,8,35,0.23,7,10,3,159,15.0,16,12,"[15, 15, 15.0, 15, 15, 15, 16]",21,9,2933.2
blood_rush,Blood Rush,"['mod', 'melee', 'uncommon']",,11,32,0.34,40,10,-30,222,9.5,10.0,10.0,"[10, 10, 10.0, 10.0, 10.0, 9.0, 10.0]",15,5,2829.9
arcane_velocity,Arcane Velocity,"['uncommon', 'arcane_enhancement']",,22,57,0.39,100,5,-95,327,6.0,6,7.0,"[5.0, 6.0, 6.0, 6, 6.0, 5, 6]",8,4,2721.3
primed_ravage,Primed Ravage,"['mod', 'legendary', 'primary', 'shotgun']",,11,57,0.19,80,49,-31,44,48.5,50.0,47.5,"[49.0, 49.0, 48, 45, 46.0, 48.0, 50.0]",50,30,2548.2
zhuge_prime_set,Zhuge Prime Set,"['primary', 'prime', 'weapon', 'set']",220,7,20,0.35,35,58,23,32,58.8,60,60,"[60, 60.0, 59, 59.0, 57.5, 55.5, 60]",70,50,2540.0
nyx_prime_blueprint,Nyx Prime Blueprint,"['blueprint', 'prime', 'warframe']",15,7,16,0.44,8,8,0,199,8.8,9.0,10,"[9.0, 9, 9, 9, 9.0, 9, 9.0]",11,7,2522.8
frost_prime_blueprint,Frost Prime Blueprint,"['blueprint', 'prime', 'warframe']",100,7,16,0.44,28,38,10,44,39.3,40,38.0,"[38, 39.0, 40.0, 39, 40, 39, 40]",40,37,2484.0
sancti_castanas,Sancti Castanas,"['syndicate', 'weapon', 'secondary']",,7,8,0.88,15,30,15,43,29.2,30.0,30.0,"[27.0, 25.0, 30.0, 30.0, 25.0, 30.0, 30.0]",40,15,2352.2
ankyros_prime_gauntlet,Ankyros Prime Gauntlet,"['component', 'weapon', 'prime']",15,8,13,0.62,7,9,2,161,8.9,9,18.0,"[9, 9, 9, 9.0, 9, 9.0, 9]",11,7,2304.3
vauban_prime_neuroptics_blueprint,Vauban Prime Neuroptics Blueprint,"['component', 'prime', 'warframe', 'blueprint']",100,11,23,0.48,25,29,4,50,30.9,30,29.0,"[30.0, 30.0, 30, 30, 30, 30, 30]",40,22,2280.2
magus_repair,Magus Repair,"['uncommon', 'arcane_enhancement']",,5,17,0.29,65,8,-57,18,94.9,5,5.0,"[5, 4.0, 5.5, 5, 5, 5, 5]",10,5,2211.6
secura_penta,Secura Penta,"['syndicate', 'primary', 'weapon']",,8,13,0.62,20,35,15,46,29.0,20,35,"[32, 35, 30, 30, 35.0, 30, 20]",40,20,2155.7
ruinous_extension,Ruinous Extension,"['mod', 'uncommon', 'pistol', 'secondary']",,5,23,0.22,20,15,-5,83,21.3,20.0,20,"[23.0, 20.0, 20, 20, 20, 20, 20.0]",30,12,2153.6
trinity_prime_neuroptics_blueprint,Trinity Prime Neuroptics Blueprint,"['component', 'prime', 'warframe', 'blueprint']",25,8,4,2.0,9,10,1,65,10.6,10.0,9,"[10, 10, 10.0, 10.0, 10, 10, 10.0]",14,5,2068.5
malignant_force,Malignant Force,"['mod', 'rare', 'rifle', 'primary']",,5,28,0.18,5,8,3,192,9.0,9,8.5,"[9, 10.0, 10.0, 9, 9, 9.0, 9]",11,7,2039.5
nova_prime_neuroptics_blueprint,Nova Prime Neuroptics Blueprint,"['component', 'prime', 'warframe', 'blueprint']",15,9,13,0.69,10,14,4,96,12.5,13.0,10,"[13.0, 14.0, 13.0, 13.0, 12, 14, 13.0]",16,8,2035.0
loki_prime_systems_blueprint,Loki Prime Systems Blueprint,"['component', 'prime', 'warframe', 'blueprint']",100,10,10,1.0,26,28,2,34,29.5,29,29,"[29, 30, 29.0, 30, 30, 30.0, 29]",35,21,2007.0
gladiator_might,Gladiator Might,"['mod', 'uncommon', 'melee']",,4,31,0.13,5,14,9,123,14.4,15.0,15,"[14.0, 15.0, 14, 14, 15, 14.0, 15.0]",17,12,2005.2
spring_loaded_blade,Spring-Loaded Blade,"['syndicate', 'mod', 'melee', 'rare']",,3,41,0.07,10,13,3,130,14.3,15.0,15,"[14.0, 15.0, 15.0, 15, 15, 15.0, 15.0]",20,10,2002.0
arcane_aegis,Arcane Aegis,"['arcane_enhancement', 'rare']",,21,84,0.25,80,5,-75,310,5.1,5.0,6,"[5, 5, 5.0, 5, 5, 5.0, 5.0]",15,4,1989.4
vicious_frost,Vicious Frost,"['mod', 'melee', 'rare']",,1,25,0.04,2,10,8,155,11.1,10,10,"[10.0, 10.0, 10.0, 10.0, 10, 10.0, 10]",17,3,1785.2
telos_boltor,Telos Boltor,"['syndicate', 'primary', 'weapon']",,6,11,0.55,20,28,8,40,28.9,30,29,"[30.0, 30, 29, 29.5, 29, 30.0, 30]",35,20,1785.0
vectis_prime_stock,Vectis Prime Stock,"['component', 'weapon', 'prime']",65,6,6,1.0,16,18,2,37,23.1,25.0,19.0,"[20, 24.0, 20.0, 20, 23.5, 25, 25.0]",30,15,1708.0
tipedo_prime_handle,Tipedo Prime Handle,"['component', 'weapon', 'prime']",100,3,5,0.6,20,35,15,32,32.5,30,36.0,"[35.0, 35, 30, 36, 30.0, 34, 30]",40,23,1663.2
secura_dual_cestra,Secura Dual Cestra,"['syndicate', 'weapon', 'secondary']",,5,11,0.45,20,33,13,41,27.7,30.0,31.0,"[30.0, 35, 30.0, 26.0, 30, 30, 30.0]",40,18,1649.5
wolf_sledge_set,Wolf Sledge Set,"['melee', 'weapon', 'set']",,2,18,0.11,32,45,13,31,46.7,50,40.0,"[50.0, 45, 45.0, 50.0, 50, 49, 50]",50,45,1608.9
hikou_prime_pouch,Hikou Prime Pouch,"['component', 'weapon', 'prime']",15,5,11,0.45,6,7,1,137,7.9,8,10,"[7, 7, 9.0, 8, 9.0, 8, 8]",11,6,1578.9
sybaris_prime_barrel,Sybaris Prime Barrel,"['component', 'weapon', 'prime']",100,2,14,0.14,15,39,24,38,36.3,38,35.0,"[35.0, 38, 35, 36, 38, 35, 38]",40,25,1574.9
primed_point_blank,Primed Point Blank,"['mod', 'legendary', 'primary', 'shotgun']",,8,52,0.15,75,44,-31,28,47.3,50,39.5,"[45.0, 45.5, 49.5, 50, 50.0, 45, 50]",55,35,1527.7
shattering_storm,Shattering Storm,"['mod', 'uncommon', 'stance', 'hammers']",,4,16,0.25,8,14,6,82,14.7,15,13,"[17, 16, 15.0, 15, 15.0, 14, 15]",20,10,1505.6
arcane_swindle_helmet,Arcane Swindle Helmet,"['arcane_helmet', 'skin']",,5,3,1.67,225,370,145,2,280.0,500,320,"[300.0, 300, 420, 400, 350, 300, 500]",500,300,1493.3
arcane_fury,Arcane Fury,"['rare', 'arcane_enhancement']",,16,71,0.23,55,4,-51,238,5.1,5,5,"[5.0, 5.0, 4, 4.5, 4, 5.0, 5]",10,3,1490.6
nova_prime_systems_blueprint,Nova Prime Systems Blueprint,"['component', 'prime', 'warframe', 'blueprint']",15,11,16,0.69,10,12,2,84,10.2,11,10,"[12, 12.0, 10, 10, 10, 10, 11]",13,8,1449.6
viper_wraith,Viper Wraith,"['weapon', 'secondary']",,8,3,2.67,31,60,29,6,65.8,62.5,55,"[55, 60, 66, 60, 50, 79.0, 62.5]",80,50,1448.3
wukong_prime_chassis_blueprint,Wukong Prime Chassis Blueprint,"['component', 'prime', 'warframe', 'blueprint']",45,4,19,0.21,8,10,2,117,9.8,10.0,10.0,"[10.0, 10, 10.0, 10, 10.0, 10.0, 10.0]",15,7,1381.8
telos_akbolto,Telos Akbolto,"['syndicate', 'weapon', 'secondary']",,4,8,0.5,20,25,5,33,27.7,29.5,27.0,"[27.0, 30.0, 25.0, 30, 30, 25, 29.5]",35,20,1368.8
prisma_angstrum,Prisma Angstrum,"['weapon', 'secondary']",,9,8,1.12,40,80,40,7,90.0,90,70,"[77.5, 82.5, 90, 88, 85.0, 87.5, 90]",99,80,1338.8
nyx_prime_chassis_blueprint,Nyx Prime Chassis Blueprint,"['component', 'prime', 'warframe', 'blueprint']",65,5,31,0.16,6,7,1,185,6.2,6,10.0,"[8.0, 7, 6, 7.0, 7, 6.0, 6]",9,4,1335.5
nightwatch_napalm,Nightwatch Napalm,"['mod', 'uncommon', 'primary', 'ogris']",,2,15,0.13,5,24,19,59,19.1,20,19.5,"[18.0, 20.0, 17.0, 19, 20.0, 20.0, 20]",28,13,1279.0
ankyros_prime_blade,Ankyros Prime Blade,"['component', 'weapon', 'prime']",65,4,23,0.17,6,8,2,129,8.1,8.0,10.0,"[8.0, 8.0, 8, 8.0, 8, 8.0, 8.0]",10,6,1223.2
pistol_pestilence,Pistol Pestilence,"['mod', 'rare', 'pistol', 'secondary']",,4,29,0.14,5,8,3,133,8.1,8,7.0,"[8, 7, 8, 7.0, 9, 7.0, 8]",10,5,1221.6
wyrm_prime_systems,Wyrm Prime Systems,"['component', 'weapon', 'prime']",45,5,10,0.5,27,30,3,24,33.6,35,30.0,"[33, 35, 34, 34.0, 34.0, 34.5, 35]",39,30,1210.5
nova_prime_blueprint,Nova Prime Blueprint,"['blueprint', 'prime', 'warframe']",45,7,19,0.37,9,10,1,82,10.7,10.0,10,"[10.0, 10.0, 10, 10, 10.0, 10, 10.0]",15,6,1202.8
loki_prime_chassis_blueprint,Loki Prime Chassis Blueprint,"['component', 'prime', 'warframe', 'blueprint']",45,6,6,1.0,15,22,7,30,19.8,20.0,19,"[19.5, 20, 20.0, 20.0, 20.0, 20, 20.0]",25,16,1186.0
snipetron_vandal_set,Snipetron Vandal Set,"['weapon', 'primary', 'set']",,4,8,0.5,25,55,30,15,51.6,50.0,45,"[50.0, 50, 50, 50, 40, 58.5, 50.0]",70,30,1161.0
synoid_gammacor,Synoid Gammacor,"['syndicate', 'weapon', 'secondary']",,3,7,0.43,20,24,4,29,27.8,30.0,29.0,"[25.5, 29.5, 30.0, 30.0, 25, 28, 30.0]",35,20,1152.9
equinox_prime_blueprint,Equinox Prime Blueprint,"['blueprint', 'prime', 'warframe']",45,2,12,0.17,11,15,4,62,15.8,14.0,17.0,"[17, 17, 15, 17.0, 17, 15.0, 14.0]",21,12,1139.8
astral_twilight,Astral Twilight,"['mod', 'rare', 'stance', 'glaives']",,3,37,0.08,10,5,-5,114,9.1,9.0,9.0,"[9.0, 9.0, 9.0, 9, 9, 9, 9.0]",11,7,1124.9
natural_talent,Natural Talent,"['mod', 'warframe', 'rare']",,3,35,0.09,8,9,1,112,9.2,9,9,"[9, 10.0, 10.0, 9, 9.0, 9, 9]",10,7,1116.7
neutron_star,Neutron Star,"['mod', 'warframe', 'nova', 'augment', 'rare']",,3,28,0.11,2,10,8,98,10.0,10,10.0,"[10.0, 10.0, 10, 10, 10.0, 10, 10]",15,4,1085.0
hikou_prime_stars,Hikou Prime Stars,"['component', 'weapon', 'prime']",15,4,18,0.22,6,9,3,108,8.2,8.0,10,"[9.0, 9, 9, 8, 8.0, 9, 8.0]",10,6,1082.3
scorch,Scorch,"['mod', 'rare', 'pistol', 'secondary']",,4,31,0.13,6,9,3,102,9.4,10,9,"[9, 9.0, 9, 9, 9.0, 9.0, 10]",15,5,1077.1
ash_prime_neuroptics_blueprint,Ash Prime Neuroptics Blueprint,"['component', 'prime', 'warframe', 'blueprint']",45,4,10,0.4,7,10,3,76,9.9,10.0,10,"[10.0, 10, 10.0, 9.5, 10, 10, 10.0]",15,3,1058.4
arcane_reverb_helmet,Arcane Reverb Helmet,"['arcane_helmet', 'skin']",,3,2,1.5,85,800,715,2,200.0,200,190,"[150, 100, 195, 199, 190, 190, 200]",200,190,1000.0
volt_prime_chassis_blueprint,Volt Prime Chassis Blueprint,"['component', 'prime', 'warframe', 'blueprint']",45,3,16,0.19,7,12,5,76,11.0,12,10.0,"[12, 13.0, 13.0, 12.0, 15, 10.0, 12]",15,7,995.1
volcanic_edge,Volcanic Edge,"['mod', 'melee', 'rare']",,0,35,0.0,0,9,0,108,8.9,9.0,8.5,"[9.0, 9.0, 8, 9, 9, 9, 9.0]",10,7,958.0
flame_gland,Flame Gland,"['mod', 'rare', 'melee', 'claws']",,2,11,0.18,10,28,18,30,24.8,24.5,25,"[24, 25.0, 24.0, 25, 25.0, 24, 24.5]",30,20,879.3
molecular_fission,Molecular Fission,"['nova', 'mod', 'warframe', 'prime', 'augment', 'rare']",,3,26,0.12,2,10,8,73,10.4,10.0,10.0,"[10, 10.0, 10, 10, 10.0, 10, 10.0]",15,5,849.9
loki_prime_neuroptics_blueprint,Loki Prime Neuroptics Blueprint,"['component', 'prime', 'warframe', 'blueprint']",15,6,14,0.43,11,15,4,34,16.9,17.5,15,"[19, 17, 15.0, 20, 18, 15.5, 17.5]",21,10,820.0
ember_prime_neuroptics_blueprint,Ember Prime Neuroptics Blueprint,"['component', 'prime', 'warframe', 'blueprint']",15,5,10,0.5,7,12,5,55,9.7,10,10,"[10.0, 10, 10.0, 10.0, 10, 10, 10]",14,6,796.5
ballistica_prime_string,Ballistica Prime String,"['component', 'weapon', 'prime']",45,2,3,0.67,10,16,6,34,14.0,14,14.0,"[15, 15, 15, 15, 14, 14, 14]",20,9,791.7
wukong_prime_neuroptics_blueprint,Wukong Prime Neuroptics Blueprint,"['component', 'prime', 'warframe', 'blueprint']",15,1,19,0.05,4,7,3,92,8.0,8.0,8,"[8.0, 8, 8.0, 8, 8.0, 7.0, 8.0]",10,6,779.5
fulmination,Fulmination,"['mod', 'pistol', 'secondary', 'rare']",,2,9,0.22,30,50,20,14,45.5,45,43.8,"[45.0, 48, 49.0, 49, 49, 49.0, 45]",60,25,778.6
total_eclipse,Total Eclipse,"['mod', 'warframe', 'mirage', 'augment', 'rare']",,3,18,0.17,2,10,8,61,10.8,10.0,10.0,"[10, 10.0, 10, 10, 10, 10, 10.0]",19,8,768.2
silva_and_aegis_prime_guard,Silva & Aegis Prime Guard,"['component', 'weapon', 'prime']",100,2,12,0.17,11,20,9,31,20.2,20.0,19.5,"[20, 19.5, 20, 20.0, 20, 20, 20.0]",30,10,731.5
bullet_dance,Bullet Dance,"['gunblade', 'mod', 'rare', 'stance']",,0,15,0.0,0,20,0,41,17.7,18,18.0,"[17, 18.5, 19, 19.0, 15, 15, 18]",20,10,727.0
vectis_prime_barrel,Vectis Prime Barrel,"['component', 'weapon', 'prime']",15,5,8,0.62,15,19,4,23,19.4,19,18.2,"[20, 22, 20, 25.0, 20.0, 20, 19]",30,10,726.4
trinity_prime_blueprint,Trinity Prime Blueprint,"['blueprint', 'warframe', 'prime']",45,6,12,0.5,7,10,3,45,10.5,10.0,10,"[12, 10.0, 11.5, 10, 10, 11.0, 10.0]",16,5,708.8
stradavar_prime_set,Stradavar Prime Set,"['weapon', 'prime', 'set', 'primary']",175,4,25,0.16,20,40,20,15,39.4,40,40.0,"[39, 38.0, 38, 40.0, 40, 38.0, 40]",40,35,685.6
arcane_mag_gauss_helmet,Arcane Mag Gauss Helmet,"['arcane_helmet', 'skin']",,3,5,0.6,175,500,325,1,400.0,400,350,"[250, 155, 350, 445, 300, 400.0, 400]",445,300,640.0
targeting_subsystem,Targeting Subsystem,"['mod', 'uncommon', 'secondary', 'pistol']",,2,14,0.14,11,14,3,40,13.9,14,17,"[15.0, 19.0, 18.0, 18, 14.0, 14.0, 14]",20,9,637.7
coaction_drift,Coaction Drift,"['mod', 'rare', 'warframe']",,3,12,0.25,5,9,4,53,9.4,9,9,"[10, 10, 10.0, 10.0, 9, 9.0, 9]",12,7,622.5
explosive_legerdemain,Explosive Legerdemain,"['mod', 'warframe', 'mirage', 'augment', 'rare']",,3,23,0.13,2,10,8,50,10.9,10.0,10.0,"[10.0, 10, 10.0, 10, 10, 10, 10.0]",15,8,618.9
ayatan_piv_sculpture,Ayatan Piv Sculpture,['ayatan_sculpture'],,4,10,0.4,15,4,-11,157,2.8,2,4.0,"[4, 4.0, 5.0, 5.0, 4, 4, 2]",6,2,618.8
bo_prime_handle,Bo Prime Handle,"['component', 'weapon', 'prime']",45,2,17,0.12,13,17,4,28,18.9,19,17,"[18, 19.0, 18, 18, 20.0, 18, 19]",20,15,591.2
arcane_flux_helmet,Arcane Flux Helmet,"['arcane_helmet', 'skin']",,3,3,1.0,80,250,170,2,147.5,147.5,180,"[200, 300, 295, 250, 200.0, 100, 147.5]",250,100,590.0
arcane_chlora_helmet,Arcane Chlora Helmet,"['arcane_helmet', 'skin']",,2,3,0.67,100,340,240,1,325.0,200.0,250,"[180, 250, 190, 300, 80, 210, 200.0]",325,75,541.7
mag_prime_chassis_blueprint,Mag Prime Chassis Blueprint,"['component', 'prime', 'warframe', 'blueprint']",45,6,17,0.35,7,10,3,41,9.7,10.0,10,"[10, 10.0, 10, 10, 10, 10.0, 10.0]",19,5,539.8
creeping_bullseye,Creeping Bullseye,"['mod', 'rare', 'pistol', 'secondary']",,0,56,0.0,0,5,0,104,5.1,5,5.0,"[5.0, 5.0, 5, 5.0, 5, 5, 5]",10,2,529.5
magus_glitch,Magus Glitch,"['uncommon', 'arcane_enhancement']",,3,11,0.27,70,3,-67,4,103.8,9,8.0,"[9, 8, 7, 7, 5, 5, 9]",9,5,528.2
arcane_aura_helmet,Arcane Aura Helmet,"['arcane_helmet', 'skin']",,4,3,1.33,200,300,100,1,220.0,220,240.0,"[295, 500, 186.5, 240.0, 200, 250.0, 220]",300,200,513.3
mantis_set,Mantis Set,['set'],,0,17,0.0,0,24,0,21,22.7,25,20,"[20.0, 23, 21.0, 25.0, 24.0, 25.0, 25]",30,15,476.0
frost_prime_neuroptics_blueprint,Frost Prime Neuroptics Blueprint,"['component', 'prime', 'warframe', 'blueprint']",15,4,21,0.19,6,10,4,40,9.7,10.0,9,"[9.0, 10, 9.0, 10, 9.0, 10.0, 10.0]",20,3,459.5
primed_bane_of_grineer,Primed Bane Of Grineer,"['mod', 'legendary', 'primary', 'rifle']",,5,39,0.13,100,39,-61,11,33.5,37.5,65.0,"[31.5, 30.0, 30, 40, 30, 38, 37.5]",45,25,415.2
arcane_thrak_helmet,Arcane Thrak Helmet,"['arcane_helmet', 'skin']",,3,3,1.0,75,299,224,1,200.0,200,150.0,"[145, 200, 172.5, 195.0, 130, 100, 200]",240,100,400.0
arcane_menticide_helmet,Arcane Menticide Helmet,"['arcane_helmet', 'skin']",,4,4,1.0,81,220,139,1,200.0,200,200.0,"[300, 212.5, 200, 199.5, 210.0, 175, 200]",220,175,400.0
lethal_momentum,Lethal Momentum,"['mod', 'uncommon', 'pistol', 'secondary']",,1,19,0.05,2,8,6,52,7.1,8,6,"[7, 6.5, 6, 7.0, 7, 7.0, 8]",10,5,389.5
arcane_pulse_helmet,Arcane Pulse Helmet,"['arcane_helmet', 'skin']",,4,5,0.8,250,400,150,1,204.0,250,329.5,"[500.0, 400, 150, 202, 150, 300, 250]",300,150,367.2
energy_siphon,Energy Siphon,"['mod', 'aura', 'uncommon']",,7,23,0.3,10,17,7,18,15.6,25,15,"[15, 19, 16.0, 19.5, 18.5, 20, 25]",25,13,366.5
gladiator_vice,Gladiator Vice,"['mod', 'rare', 'melee']",,0,47,0.0,0,8,0,42,8.7,9.0,8.0,"[8.0, 9, 9.0, 8, 9, 9, 9.0]",10,7,366.0
primed_expel_grineer,Primed Expel Grineer,"['mod', 'legendary', 'secondary', 'pistol']",,3,35,0.09,65,40,-25,8,41.0,38,30,"[43, 40.5, 40, 45, 34, 49, 38]",50,30,356.1
infiltrate,Infiltrate,"['ivara', 'mod', 'warframe', 'augment', 'rare']",,3,15,0.2,2,10,8,25,11.5,12,10.0,"[14, 12, 10, 10, 12.0, 10.0, 12]",15,8,343.8
odonata_prime_systems_blueprint,Odonata Prime Systems Blueprint,"['component', 'prime', 'archwing', 'blueprint']",15,2,6,0.33,6,9,3,27,9.4,10,8.0,"[9, 9, 8.0, 10, 9.0, 9, 10]",10,5,336.7
bo_prime_blueprint,Bo Prime Blueprint,"['weapon', 'prime', 'melee', 'blueprint']",15,2,10,0.2,10,15,5,19,14.8,14.0,15,"[15, 15, 16, 15, 18, 15, 14.0]",20,13,336.6
zephyr_prime_chassis_blueprint,Zephyr Prime Chassis Blueprint,"['component', 'prime', 'warframe', 'blueprint']",25,0,21,0.0,0,5,0,53,6.1,6,6,"[7, 6, 6, 5, 6, 7, 6]",8,4,321.0
primal_rage,Primal Rage,"['wukong', 'mod', 'warframe', 'augment', 'rare']",,3,20,0.15,3,10,7,25,11.1,10,10.0,"[10.0, 10.0, 10, 10.0, 10.0, 10.0, 10]",15,5,318.5
nami_skyla_prime_handle,Nami Skyla Prime Handle,"['component', 'weapon', 'prime']",45,2,17,0.12,6,6,0,33,8.3,7,8.0,"[7.0, 8.0, 8, 9.0, 9, 8, 7]",12,5,306.2
arcane_resistance,Arcane Resistance,"['uncommon', 'arcane_enhancement']",,4,30,0.13,21,3,-18,9,29.2,3,4,"[6, 3, 4, 3, 4, 4, 3]",4,3,298.1
hunter_adrenaline,Hunter Adrenaline,"['common', 'mod', 'warframe']",,0,26,0.0,0,5,0,58,5.0,5,5,"[5.0, 5.0, 5, 5, 5.0, 5, 5]",8,3,291.5
prism_guard,Prism Guard,"['mod', 'warframe', 'mirage', 'augment', 'rare']",,1,8,0.12,2,20,18,14,18.5,19,15,"[17.5, 20, 19, 20, 20, 15.0, 19]",25,10,291.4
coolant_leak,Coolant Leak,"['mod', 'rare', 'sentinel', 'robotic']",,0,23,0.0,0,10,0,27,10.6,11,12.0,"[10.0, 10, 10.0, 10.0, 12, 12.0, 11]",16,7,286.0
vasto_prime_barrel,Vasto Prime Barrel,"['component', 'weapon', 'prime']",15,0,5,0.0,0,10,0,32,8.9,8,7,"[8.0, 10.0, 9, 10.0, 10, 9, 8]",13,5,286.0
buzz_kill,Buzz Kill,"['mod', 'melee', 'rare']",,0,13,0.0,0,12,0,22,13.0,12,12,"[14, 13, 12, 13.0, 14, 13, 12]",15,10,285.0
bronco_prime_barrel,Bronco Prime Barrel,"['component', 'weapon', 'prime']",45,1,18,0.06,1,3,2,85,3.2,3.0,2,"[3, 3.0, 3, 3.0, 3.0, 3, 3.0]",5,1,283.9
odonata_prime_harness_blueprint,Odonata Prime Harness Blueprint,"['component', 'prime', 'archwing', 'blueprint']",15,2,8,0.25,5,5,0,27,8.4,8.5,8,"[8, 7.0, 6.0, 7, 8.0, 7, 8.5]",10,3,282.5
searing_steel,Searing Steel,"['rare', 'melee', 'mod', 'archwing', 'archmelee']",,4,3,1.33,15,35,20,3,40.0,40,40.0,"[39.0, 40.0, 40, 40.0, 40, 40.0, 40]",40,40,280.0
tigris_prime_receiver,Tigris Prime Receiver,"['component', 'weapon', 'prime']",45,4,6,0.67,7,9,2,18,9.1,9,9.0,"[9, 9, 10, 8, 10.0, 10, 9]",15,5,271.7
prisma_shade,Prisma Shade,['sentinel'],,3,14,0.21,40,50,10,5,44.4,45.5,80.0,"[50, 50, 50, 50, 55, 50, 45.5]",65,32,269.6
arcane_esprit_helmet,Arcane Esprit Helmet,"['arcane_helmet', 'skin']",,2,6,0.33,81,150,69,1,200.0,200,172.5,"[135, 135, 200, 81, 200, 145.0, 200]",200,81,266.7
capacitance,Capacitance,"['mod', 'warframe', 'augment', 'rare', 'volt']",,3,24,0.12,2,10,8,24,9.7,10,10,"[10, 10, 10, 10, 10, 10.0, 10]",13,5,261.0
vigilante_fervor,Vigilante Fervor,"['mod', 'uncommon', 'primary']",,0,19,0.0,0,6,0,32,8.0,8,9.0,"[8, 8, 8.0, 8, 8, 8, 8]",12,5,256.5
vampire_leech,Vampire Leech,"['mod', 'warframe', 'trinity', 'augment', 'rare']",,1,16,0.06,2,10,8,20,11.9,10,12,"[15, 11.0, 12, 13, 12.0, 13, 10]",15,8,252.9
burston_prime_receiver,Burston Prime Receiver,"['component', 'weapon', 'prime']",15,1,11,0.09,2,3,1,66,3.5,4.0,3,"[4.0, 4.0, 4, 5.0, 4.0, 4, 4.0]",6,2,251.5
zhuge_prime_receiver,Zhuge Prime Receiver,"['component', 'weapon', 'prime']",45,0,6,0.0,0,12,0,26,9.4,9.0,10.0,"[9.0, 9.0, 9.0, 10, 9, 10.0, 9.0]",12,8,245.0
akjagara_prime_receiver,Akjagara Prime Receiver,"['component', 'weapon', 'prime']",45,2,8,0.25,8,12,4,20,9.8,10.0,10.0,"[10, 10, 10, 9.5, 10.0, 9.0, 10.0]",12,7,243.8
pathogen_rounds,Pathogen Rounds,"['mod', 'uncommon', 'pistol', 'secondary']",,1,25,0.04,3,5,2,47,4.8,5,5,"[5, 5, 5, 5.0, 5.0, 5.0, 5]",10,4,235.0
mind_freak,Mind Freak,"['mod', 'warframe', 'nyx', 'augment', 'rare']",,2,21,0.1,3,10,7,16,13.0,14.5,13,"[13, 12.0, 12, 12, 13.0, 14, 14.5]",15,10,227.8
velocitus_receiver,Velocitus Receiver,"['component', 'weapon', 'archwing']",,1,8,0.12,6,9,3,21,9.5,10,9.5,"[9, 10.0, 9.0, 10, 10.0, 10.0, 10]",11,8,225.6
ballistica_prime_lower_limb,Ballistica Prime Lower Limb,"['component', 'weapon', 'prime']",15,1,8,0.12,5,9,4,24,8.4,7,8.0,"[9.0, 9.0, 8.0, 9.0, 8, 8, 7]",10,5,225.6
primed_expel_corrupted,Primed Expel Orokin,"['mod', 'legendary', 'secondary', 'pistol']",,3,6,0.5,86,119,33,2,75.0,75.0,80,"[85.0, 90, 90, 80, 90, 90, 75.0]",90,70,225.0
phaedra_stock,Phaedra Stock,"['component', 'weapon', 'archwing']",,1,3,0.33,6,19,13,13,12.9,12.5,10.5,"[14, 10, 11.0, 13, 11.0, 14.0, 12.5]",19,7,224.0
strun_wraith_receiver,Strun Wraith Receiver,"['component', 'weapon']",,1,5,0.2,10,20,10,8,22.9,20,17.0,"[24, 22.0, 16, 20, 17.0, 24, 20]",30,15,219.6
wyrm_prime_blueprint,Wyrm Prime Blueprint,"['sentinel', 'blueprint', 'prime']",15,3,13,0.23,10,13,3,12,14.2,15,12.5,"[15.0, 14.0, 15.0, 13.0, 15.0, 13.0, 15]",20,10,210.5
magus_vigor,Magus Vigor,"['common', 'arcane_enhancement']",,2,11,0.18,10,3,-7,8,21.5,3,3,"[3, 2, 3, 3, 2, 3, 3]",3,2,203.3
rejuvenation,Rejuvenation,"['mod', 'aura', 'uncommon']",,1,4,0.25,5,19,14,13,12.2,13.0,11.0,"[10.5, 10, 14, 13.5, 14.5, 11.0, 13.0]",15,9,198.8
carrier_prime_blueprint,Carrier Prime Blueprint,"['sentinel', 'blueprint', 'prime']",15,2,11,0.18,6,1,-5,17,9.9,10.0,10,"[12.5, 11, 10, 10, 10.0, 10, 10.0]",13,7,198.5
pyrana_prime_barrel,Pyrana Prime Barrel,"['component', 'weapon', 'prime']",15,1,8,0.12,3,7,4,25,7.0,7,5,"[5, 6, 6.5, 6.0, 5.5, 7, 7]",10,3,196.9
arcane_trickery,Arcane Trickery,"['uncommon', 'arcane_enhancement']",,1,22,0.05,5,3,-2,9,20.9,2,2.0,"[1.5, 2, 2, 2.0, 3, 3, 2]",3,1,196.5
split_chamber,Split Chamber,"['mod', 'rare', 'rifle', 'primary']",,0,36,0.0,0,3,0,66,2.9,3.0,3,"[3, 3.0, 3.0, 3.0, 3.0, 3, 3.0]",5,2,190.5
auger_strike,Auger Strike,"['mod', 'melee', 'rare']",,1,14,0.07,2,20,18,10,17.4,20,19,"[15, 15, 15, 15, 18, 15.0, 20]",20,14,186.4
imperator_vandal_barrel,Imperator Vandal Barrel,"['component', 'weapon']",,1,12,0.08,5,10,5,16,9.9,10.0,12.5,"[10.0, 9.5, 10.0, 10, 9, 10, 10.0]",13,7,171.2
orthos_prime_blade,Orthos Prime Blade,"['component', 'weapon', 'prime']",45,1,11,0.09,1,3,2,40,3.7,3,3,"[4, 4, 3, 4, 4, 3.0, 3]",5,2,163.1
arcane_phoenix_helmet,Arcane Phoenix Helmet,"['arcane_helmet', 'skin']",,3,5,0.6,70,150,80,1,100.0,100,155.0,"[160, 130, 150, 105.0, 150, 180, 100]",180,80,160.0
furax_wraith_right_gauntlet,Furax Wraith Right Gauntlet,"['component', 'weapon']",,1,7,0.14,2,5,3,19,7.2,7.0,5,"[7.0, 8.5, 5.0, 7.0, 7.0, 6.5, 7.0]",9,5,155.4
wolf_sledge_motor,Wolf Sledge Motor,"['component', 'weapon']",,1,4,0.25,8,18,10,8,15.5,15,16.0,"[18, 20, 18.0, 17.0, 20, 16.0, 15]",20,15,155.0
zaw_riven_mod_(veiled),Zaw Riven Mod (Veiled),"['mod', 'riven_mod', 'common', 'veiled_riven']",,1,16,0.06,1,2,1,53,2.7,2,2.0,"[3, 3, 2.0, 2.0, 2.0, 3.0, 2]",4,1,150.9
arcane_aurora_helmet,Arcane Aurora Helmet,"['arcane_helmet', 'skin']",,2,2,1.0,70,499,429,1,75.0,75,167.5,"[250, 200, 185, 115.0, 150, 100, 75]",150,75,150.0
soma_prime_blueprint,Soma Prime Blueprint,"['weapon', 'prime', 'primary', 'blueprint']",15,2,15,0.13,2,5,3,21,6.3,5.0,5,"[7.0, 5.0, 6, 5.0, 7.0, 7.0, 5.0]",10,5,149.6
vigor,Vigor,"['mod', 'warframe', 'rare']",,3,18,0.17,3,3,0,25,5.0,5,4.5,"[4.0, 5.0, 5, 4.5, 5, 5, 5]",7,4,145.3
redeemer_prime_blade,Redeemer Prime Blade,"['component', 'weapon', 'prime']",15,0,8,0.0,0,5,0,28,5.1,5.0,5.0,"[5.0, 6, 5.0, 6, 4.5, 5.0, 5.0]",8,3,144.0
spectrosiphon,Spectrosiphon,"['mod', 'warframe', 'gara', 'augment', 'rare']",,3,14,0.21,3,12,9,11,10.7,10,10.0,"[15, 10.0, 12, 13.5, 11.5, 12, 10]",15,8,143.3
vasto_prime_blueprint,Vasto Prime Blueprint,"['weapon', 'prime', 'secondary', 'blueprint']",45,0,8,0.0,0,5,0,24,5.8,7.0,4.5,"[6, 5, 5.0, 5.0, 5, 7, 7.0]",9,4,138.0
primed_bane_of_corpus,Primed Bane Of Corpus,"['mod', 'legendary', 'primary', 'rifle']",,4,37,0.11,66,25,-41,5,24.0,22.5,29.5,"[25, 25, 19.5, 30.0, 24.5, 29.5, 22.5]",34,20,133.0
fluctus_limbs,Fluctus Limbs,"['component', 'weapon', 'archwing']",,0,9,0.0,0,13,0,14,9.4,9,9.0,"[9.0, 9, 9.0, 10, 9.5, 10, 9]",11,8,132.0
snipetron_vandal_stock,Snipetron Vandal Stock,"['component', 'weapon']",,0,2,0.0,0,20,0,7,18.9,19.0,13.5,"[12.5, 15.0, 20, 18.5, 10, 15, 19.0]",20,9,132.0
fluctus_barrel,Fluctus Barrel,"['component', 'weapon', 'archwing']",,0,3,0.0,0,9,0,13,9.8,9.5,10,"[10, 10, 10, 10, 11.0, 11.0, 9.5]",15,8,128.0
magus_overload,Magus Overload,"['common', 'arcane_enhancement']",,4,15,0.27,56,3,-53,1,100.0,6,7,"[10.0, 5.5, 7, 7, 6, 6.5, 6]",7,6,126.7
war_blade,War Blade,"['component', 'weapon']",,0,7,0.0,0,3,0,38,3.3,3.0,3.0,"[3.0, 3.0, 3.0, 3.0, 3, 4, 3.0]",5,2,126.0
primed_expel_corpus,Primed Expel Corpus,"['mod', 'legendary', 'secondary', 'pistol']",,4,20,0.2,70,50,-20,2,52.0,52,40,"[53.5, 50.0, 48, 50, 57.5, 54.0, 52]",60,45,124.8
vulkar_wraith,Vulkar Wraith,"['primary', 'weapon']",,5,9,0.56,30,55,25,2,40.0,40,80,"[40, 51.0, 47.5, 47.0, 52.5, 40.0, 40]",55,35,124.4
vicious_spread,Vicious Spread,"['shotgun', 'mod', 'rare', 'primary']",,1,40,0.03,2,2,0,37,3.2,3.5,3.0,"[3.5, 4, 3, 4.0, 4, 3.0, 3.5]",6,2,123.0
lightning_dash,Lightning Dash,"['mod', 'rare', 'warframe']",,4,24,0.17,40,7,-33,17,6.2,6.5,7.0,"[7.0, 8, 7, 7.0, 7, 7, 6.5]",10,4,122.5
vigilante_pursuit,Vigilante Pursuit,"['mod', 'uncommon', 'warframe']",,0,16,0.0,0,4,0,24,4.9,5,4,"[4, 5, 5.0, 5.0, 5, 5.0, 5]",7,3,117.5
pyrana_prime_receiver,Pyrana Prime Receiver,"['component', 'weapon', 'prime']",45,2,10,0.2,5,8,3,14,6.9,7,8.0,"[6.5, 7, 8, 7, 8.0, 7.0, 7]",9,4,115.2
shield_disruption,Shield Disruption,"['mod', 'aura', 'uncommon']",,1,17,0.06,2,10,8,9,12.0,12.0,10.0,"[13.0, 12, 15, 10.0, 15, 15, 12.0]",15,8,114.4
primed_morphic_transformer,Primed Morphic Transformer,"['mod', 'legendary', 'archwing']",,7,21,0.33,65,40,-25,2,42.5,40,42.5,"[50, 45.0, 45, 50, 45, 49, 40]",56,30,113.3
velocitus_stock,Velocitus Stock,"['component', 'weapon', 'archwing']",,0,10,0.0,0,10,0,12,9.4,10,10.0,"[10, 10.0, 10.0, 10.0, 10, 9, 10]",11,9,113.0
freeze_force,Freeze Force,"['mod', 'warframe', 'augment', 'rare', 'frost']",,3,13,0.23,3,14,11,7,13.0,14,13,"[14.0, 14, 14.5, 13.0, 13.5, 13, 14]",15,12,112.0
system_reroute,System Reroute,"['mod', 'archwing', 'rare']",,3,35,0.09,50,7,-43,13,7.6,7.5,7.5,"[8, 8.0, 7, 7.0, 8, 8, 7.5]",10,5,107.5
dera_vandal_stock,Dera Vandal Stock,"['component', 'weapon']",,0,5,0.0,0,10,0,9,11.9,9.5,10.0,"[11, 10.0, 11, 10, 9.0, 9, 9.5]",15,7,107.5
arcane_barrier,Arcane Barrier,"['legendary', 'arcane_enhancement']",,4,53,0.08,30,3,-27,29,3.4,3,3.0,"[3, 4.0, 4.0, 3.0, 3, 4, 3]",5,2,107.0
celestial_stomp,Celestial Stomp,"['wukong', 'mod', 'warframe', 'augment', 'rare']",,3,15,0.2,2,10,8,9,9.9,10,10.0,"[12, 11.0, 11.0, 10, 10, 10.0, 10]",12,8,106.8
latron_wraith_barrel,Latron Wraith Barrel,"['component', 'weapon']",,0,3,0.0,0,17,0,6,16.8,15.5,17,"[15, 15, 20, 14.5, 19, 16.5, 15.5]",20,13,101.0
reaper_prime_blueprint,Reaper Prime Blueprint,"['prime', 'weapon', 'melee', 'blueprint']",15,0,11,0.0,0,9,0,11,9.2,9,9.0,"[9.0, 8.5, 8, 9, 9, 10, 9]",24,3,101.0
centaur_aegis,Centaur Aegis,"['component', 'weapon', 'archwing']",,2,6,0.33,7,9,2,7,10.1,10,10.0,"[12.5, 10, 9, 11, 10, 10, 10]",13,9,94.7
scimitar_avionics_blueprint,Scimitar Avionics Blueprint,['blueprint'],,0,4,0.0,0,12,0,9,10.4,10.0,10.0,"[10, 10, 10, 10.0, 10, 10, 10.0]",12,8,94.0
fang_prime_blade,Fang Prime Blade,"['component', 'weapon', 'prime']",15,0,4,0.0,0,3,0,31,3.0,3,2.5,"[2, 3, 3, 3, 3, 3, 3]",5,1,94.0
rathbone_head,Rathbone Head,"['component', 'weapon', 'archwing']",,0,6,0.0,0,12,0,8,11.5,15.0,11.2,"[10, 12, 10, 10, 10.0, 10.0, 15.0]",15,7,92.0
sovereign_outcast,Sovereign Outcast,"['tonfas', 'mod', 'stance', 'rare']",,0,20,0.0,0,4,0,19,4.8,5,5.0,"[4.5, 4, 4.5, 4.0, 5, 5, 5]",6,4,91.0
cleanse_corrupted,Cleanse Orokin,"['shotgun', 'mod', 'primary', 'uncommon']",,3,4,0.75,10,19,9,3,16.7,15,19.2,"[20, 24, 20, 17.5, 19, 15, 15]",20,15,87.5
kaszas_blade,Kaszas Blade,"['component', 'weapon', 'archwing']",,0,10,0.0,0,9,0,9,9.7,10.0,10.0,"[10.0, 10, 9.5, 10, 10.0, 10, 10.0]",12,8,87.0
fired_up,Fired Up,"['mod', 'sentinel', 'rare']",,0,28,0.0,0,3,0,29,3.0,3,3.0,"[3, 3.0, 3.0, 3, 3.0, 3, 3]",5,1,86.0
fluctus_stock,Fluctus Stock,"['component', 'weapon', 'archwing']",,0,10,0.0,0,8,0,9,9.4,9,9,"[9.5, 9, 9.0, 9, 9, 9, 9]",11,7,85.0
eidolon_madurai_lens,Eidolon Madurai Lens,"['focus', 'lens']",,0,2,0.0,0,30,0,3,28.3,25,20.0,"[30.0, 25, 28.0, 24, 27.5, 29.0, 25]",35,23,85.0
primed_shotgun_ammo_mutation,Primed Shotgun Ammo Mutation,"['mod', 'legendary', 'primary', 'shotgun']",,5,12,0.42,68,55,-13,1,60.0,60,50.0,"[40.0, 58, 40, 40, 50, 49, 60]",60,35,85.0
protect,Protect,"['mod', 'rare', 'kubrow', 'raksa_kubrow']",,0,16,0.0,0,5,0,12,6.8,6.5,7.5,"[7.5, 6.5, 6, 9, 9.0, 7.0, 6.5]",10,5,82.0
decurion_barrel,Decurion Barrel,"['component', 'weapon', 'archwing']",,0,7,0.0,0,9,0,8,10.1,10,10.0,"[10, 10.0, 10, 10.0, 10, 10.0, 10]",14,7,81.0
karak_wraith_blueprint,Karak Wraith Blueprint,"['primary', 'weapon', 'blueprint']",,0,2,0.0,0,18,0,6,13.3,15,12.5,"[14, 14.5, 10.0, 14.5, 13.0, 14, 15]",15,10,80.0
detect_vulnerability,Detect Vulnerability,"['mod', 'rare', 'sentinel', 'helios']",,4,10,0.4,20,55,35,1,57.0,55,50,"[50, 54, 50, 55, 47.5, 55, 55]",55,45,79.8
safeguard_switch,Safeguard Switch,"['mod', 'warframe', 'augment', 'loki', 'rare']",,1,12,0.08,2,12,10,5,14.6,14.5,13.0,"[14.5, 14.5, 12, 14.0, 15, 15, 14.5]",15,13,79.1
zhuge_prime_grip,Zhuge Prime Grip,"['component', 'weapon', 'prime']",15,0,8,0.0,0,5,0,13,6.0,5.5,5,"[6.0, 7, 5, 7, 5.0, 6.0, 5.5]",8,5,78.0
primed_bane_of_infested,Primed Bane Of Infested,"['mod', 'legendary', 'primary', 'rifle']",,3,14,0.21,73,35,-38,1,64.0,64,27.5,"[47.5, 63, 40.0, 35, 37.5, 37, 64]",64,30,77.7
arcane_pulse,Arcane Pulse,"['arcane_enhancement', 'rare']",,3,30,0.1,9,2,-7,5,14.0,4,2,"[3, 3, 2, 3.0, 2.5, 2.5, 4]",4,2,77.0
helios_prime_carapace,Helios Prime Carapace,"['component', 'weapon', 'prime']",15,2,15,0.13,4,5,1,14,4.7,4.0,5,"[5.0, 5, 5.0, 5, 5.0, 5, 4.0]",8,2,74.8
quick_thinking,Quick Thinking,"['mod', 'warframe', 'rare']",,1,23,0.04,3,4,1,17,4.2,4.0,4.0,"[4, 5.0, 4.0, 4, 4.0, 4.0, 4.0]",5,1,74.6
ambush_optics,Ambush Optics,"['rubico', 'primary', 'pvp', 'rare', 'mod']",,1,5,0.2,2,10,8,6,10.3,10,10,"[12, 5, 12.0, 5, 10, 11.0, 10]",15,5,74.4
pool_of_life,Pool Of Life,"['mod', 'warframe', 'trinity', 'augment', 'rare']",,3,12,0.25,5,10,5,5,11.8,14,13.5,"[15, 13.0, 15, 13.5, 11.5, 10, 14]",15,8,73.8
wildfire,Wildfire,"['mod', 'rare', 'rifle', 'primary']",,0,15,0.0,0,3,0,23,3.1,3.0,3.0,"[3, 3, 3.0, 3, 3, 3.0, 3.0]",5,2,71.5
rifle_amp,Rifle Amp,"['mod', 'aura', 'uncommon']",,1,11,0.09,3,13,10,6,10.8,10.0,10,"[9, 10, 10.0, 10, 10, 14, 10.0]",15,9,70.9
steel_fiber,Steel Fiber,"['mod', 'common', 'warframe']",,0,12,0.0,0,2,0,2,35.0,1,4,"[3, 3, 4, 4, 5, 3.0, 1]",5,1,70.0
charged_shell,Charged Shell,"['shotgun', 'mod', 'uncommon', 'primary']",,0,12,0.0,0,3,0,19,3.7,3.0,3.0,"[3, 3, 3.0, 3.0, 3.0, 3, 3.0]",4,3,70.0
creeping_terrify,Creeping Terrify,"['mod', 'warframe', 'nekros', 'augment', 'rare']",,1,25,0.04,3,10,7,6,11.2,12,11.0,"[11.5, 10.0, 10.0, 11.0, 12, 12, 12]",14,10,69.7
swing_line,Swing Line,"['mod', 'warframe', 'valkyr', 'augment', 'rare']",,1,7,0.14,2,14,12,5,12.0,14,13.5,"[12.5, 12, 12.0, 13.5, 13.0, 14.0, 14]",15,12,68.6
tigris_prime_stock,Tigris Prime Stock,"['component', 'weapon', 'prime']",15,1,12,0.08,3,5,2,11,5.7,5.5,6,"[7.0, 7, 6, 5.5, 5, 5.5, 5.5]",8,5,68.2
twin_vipers_wraith_blueprint,Twin Vipers Wraith Blueprint,"['weapon', 'secondary', 'blueprint']",,0,2,0.0,0,14,0,6,11.3,10,12.0,"[14, 11.0, 10.0, 14.5, 12, 12, 10]",15,10,68.0
reflex_guard,Reflex Guard,"['mod', 'warframe', 'rare']",,11,33,0.33,40,3,-37,16,3.1,3,3.0,"[4.0, 3, 3.0, 2, 3, 3.5, 3]",5,2,66.7
fang_prime_handle,Fang Prime Handle,"['component', 'weapon', 'prime']",25,0,16,0.0,0,2,0,28,2.3,2.0,2,"[2.0, 2.0, 2, 2.0, 2, 2, 2.0]",5,1,65.0
shimmering_blight,Shimmering Blight,"['mod', 'uncommon', 'stance', 'polearms']",,0,6,0.0,0,4,0,16,4.0,4,3.5,"[4.0, 3, 4, 4, 3.5, 4.0, 4]",5,2,63.5
wolf_sledge_blueprint,Wolf Sledge Blueprint,"['weapon', 'melee', 'blueprint']",,1,9,0.11,5,18,13,3,19.0,20,17.0,"[18.5, 18, 15.0, 19, 22.0, 20, 20]",24,15,63.3
vulcan_blitz,Vulcan Blitz,"['mod', 'uncommon', 'melee', 'jat_kittag']",,2,12,0.17,5,5,0,8,6.6,7,6.0,"[5, 4.5, 5.0, 4.0, 5, 7, 7]",10,3,61.8
arcane_ice,Arcane Ice,"['common', 'arcane_enhancement']",,2,27,0.07,4,2,-2,3,19.0,3,2.5,"[3, 2, 2, 2, 2, 3, 3]",3,2,61.2
hallowed_reckoning,Hallowed Reckoning,"['mod', 'warframe', 'oberon', 'augment', 'rare']",,1,9,0.11,2,14,12,4,13.5,14,12,"[10.0, 14, 10.0, 14, 12.5, 14, 14]",15,10,60.0
bore,Bore,"['mod', 'rare', 'pistol', 'secondary']",,3,5,0.6,5,10,5,4,9.2,9.5,8,"[8.0, 8.0, 9.0, 7, 9, 9, 9.5]",10,7,59.2
elemental_sandstorm,Elemental Sandstorm,"['mod', 'warframe', 'rare', 'augment', 'inaros']",,3,11,0.27,3,15,12,3,14.7,15.0,14.0,"[15, 13.5, 14, 14.0, 15, 15, 15.0]",15,13,56.0
infested_ship_bridge_scene,Infested Ship Bridge Scene,"['scene', 'misc']",,0,0,0.0,0,0,0,1,50.0,50,20,"[15, 57.5, 17.5, 20.0, 20, 40, 50]",50,20,50.0
virtuos_strike,Virtuos Strike,"['operator', 'uncommon', 'arcane_enhancement']",,2,16,0.12,20,4,-16,11,4.0,4.0,4.0,"[4, 3.5, 4, 4, 4.0, 4, 4.0]",4,4,49.5
kitgun_riven_mod_(veiled),Kitgun Riven Mod (Veiled),"['mod', 'riven_mod', 'common', 'veiled_riven']",,1,17,0.06,1,2,1,26,1.8,2,2.0,"[2.0, 2, 2, 1, 1, 2, 2]",3,1,48.7
bronco_prime_blueprint,Bronco Prime Blueprint,"['weapon', 'prime', 'secondary', 'blueprint']",15,0,9,0.0,0,2,0,17,2.7,3.0,3.0,"[3, 3, 3.0, 2.0, 2, 3.0, 3.0]",4,1,46.0
strain_consume,Strain Consume,"['mod', 'warframe', 'rare']",,1,26,0.04,3,7,4,7,6.3,7.5,6,"[5.5, 6, 7, 7, 7, 6, 7.5]",8,4,45.7
pax_soar,Pax Soar,"['rare', 'arcane_enhancement']",,3,6,0.5,30,5,-25,1,30.0,5,4.5,"[2, 4, 10, 4.5, 5]",10,4,45.0
gladiator_resolve,Gladiator Resolve,"['mod', 'uncommon', 'warframe']",,0,19,0.0,0,4,0,9,5.0,5,5,"[5, 4.5, 4, 5, 5.0, 4, 5]",5,3,45.0
primed_expel_infested,Primed Expel Infested,"['mod', 'legendary', 'secondary', 'pistol']",,4,17,0.24,70,20,-50,2,18.0,21.0,47.5,"[28.5, 20, 19.5, 23.5, 25, 25, 21.0]",25,20,44.5
frail_momentum,Frail Momentum,"['shotgun', 'mod', 'rare', 'primary']",,0,31,0.0,0,2,0,18,2.4,3,3,"[2, 3, 3, 3.0, 3.0, 2, 3]",5,1,44.0
ninkondi_prime_chain,Ninkondi Prime Chain,"['component', 'weapon', 'prime']",45,1,10,0.1,2,3,1,10,3.8,4,4.0,"[5, 5, 5, 4, 5, 4, 4]",6,3,41.8
lua_nursery_scene,Lua Nursery Scene,"['scene', 'misc']",,0,0,0.0,0,0,0,1,40.0,40,32.5,"[40, 25, 120, 20, 20, 40, 40]",40,20,40.0
gorgon_wraith_stock,Gorgon Wraith Stock,"['component', 'weapon']",,0,5,0.0,0,4,0,9,4.4,4.5,5.0,"[5.0, 4, 4, 5, 5, 4.0, 4.5]",5,4,40.0
star_crimzian,Star Crimzian,['gem'],,0,13,0.0,0,1,0,22,1.7,2,1.0,"[1.0, 1, 2.0, 1, 2, 2, 2]",6,1,38.0
shattering_justice,Shattering Justice,"['syndicate', 'mod', 'rare', 'primary', 'sobek']",,0,17,0.0,0,10,0,5,7.6,9.0,9.0,"[9.5, 10, 9.0, 10, 12.0, 15, 9.0]",15,5,38.0
rathbone_handle,Rathbone Handle,"['component', 'weapon', 'archwing']",,1,10,0.1,5,9,4,3,11.3,11,10.0,"[10, 10, 10.0, 10.0, 10.0, 10.5, 11]",11,9,37.4
kinetic_diversion,Kinetic Diversion,"['mod', 'rare', 'archwing']",,0,19,0.0,0,5,0,6,6.2,6,5.2,"[5.5, 5.5, 5, 8.5, 5, 5, 6]",9,5,37.0
polar_magazine,Polar Magazine,"['uncommon', 'primary', 'mod', 'archwing', 'archgun']",,0,13,0.0,0,5,0,9,4.0,4,4,"[4.0, 9, 3.0, 4.5, 5, 4, 4]",5,3,36.0
marquise_veridos,Marquise Veridos,['gem'],,0,10,0.0,0,1,0,12,3.0,3,1,"[1, 1, 1.0, 1, 1, 1, 3]",3,1,36.0
fanged_fusillade,Fanged Fusillade,"['mod', 'rare', 'rifle', 'primary']",,1,16,0.06,2,8,6,4,8.0,8,8.0,"[8, 8.0, 8, 7, 8, 8, 8]",15,6,34.0
fireball_frenzy,Fireball Frenzy,"['mod', 'warframe', 'ember', 'augment', 'rare']",,1,17,0.06,2,12,10,3,10.7,10.0,10.0,"[10, 10.0, 11.0, 15, 9.5, 10.0, 10.0]",15,9,33.9
gorgon_wraith_receiver,Gorgon Wraith Receiver,"['component', 'weapon']",,0,3,0.0,0,4,0,8,3.8,4.0,4.0,"[4, 4.0, 4, 4.0, 4, 4.0, 4.0]",10,1,30.0
cold_snap,Cold Snap,"['itzal', 'mod', 'archwing', 'augment', 'rare']",,0,11,0.0,0,3,0,9,3.3,3,3.0,"[3, 3.0, 2.5, 1, 2.0, 3.0, 3]",5,1,30.0
hells_chamber,Hell's Chamber,"['shotgun', 'mod', 'rare', 'primary']",,0,27,0.0,0,1,0,14,2.1,2,2,"[2, 2.0, 2.0, 2, 2, 2, 2]",3,1,30.0
blazing_steel,Blazing Steel,"['uncommon', 'melee', 'mod', 'archwing', 'archmelee']",,2,10,0.2,5,4,-1,5,5.0,5,4.8,"[4, 4, 5, 4, 4.0, 4, 5]",5,4,30.0
negation_swarm,Negation Armor,"['mod', 'warframe', 'rare', 'augment', 'inaros']",,3,10,0.3,3,10,7,2,11.0,10,10.0,"[10, 11.5, 12, 10, 12.5, 10, 10]",15,10,28.6
spinning_needle,Spinning Needle,"['mod', 'rare', 'stance', 'dual_daggers']",,0,13,0.0,0,3,0,8,3.5,3,3.5,"[4, 5, 4, 4, 3.0, 4, 3]",5,2,28.0
napalm_grenades,Napalm Grenades,"['penta', 'mod', 'rare', 'primary']",,1,7,0.14,2,10,8,2,12.0,9,10.0,"[11.0, 18, 12, 9.0, 10, 15, 9]",15,9,27.4
everlasting_ward,Everlasting Ward,"['chroma', 'mod', 'warframe', 'augment', 'rare']",,3,22,0.14,3,10,7,3,8.0,10.0,10.0,"[10, 10, 11.0, 8, 9, 9, 10.0]",15,5,27.3
superior_defenses,Superior Defenses,"['mod', 'archwing', 'uncommon']",,0,12,0.0,0,4,0,6,4.2,4,4.5,"[4, 5, 5, 5, 4, 4, 4]",5,4,25.0
shell_compression,Shell Compression,"['shotgun', 'mod', 'uncommon', 'primary']",,0,7,0.0,0,2,0,5,5.0,4,3.5,"[4, 5, 3, 2, 15, 3, 4]",15,2,25.0
entropy_spike,Entropy Spike,"['syndicate', 'secondary', 'mod', 'rare', 'bolto']",,2,7,0.29,2,7,5,2,9.5,9,9.5,"[6, 9, 8, 8.5, 10, 10, 9]",10,8,24.4
power_of_three,Power Of Three,"['ivara', 'mod', 'warframe', 'augment', 'rare']",,2,6,0.33,2,9,7,2,9.0,10.0,8,"[10, 8, 10, 7, 3, 4, 10.0]",10,3,24.0
rapid_resilience,Rapid Resilience,"['mod', 'warframe', 'rare']",,0,16,0.0,0,2,0,6,4.0,4.5,3.5,"[5.0, 5, 5, 3.5, 3, 5.0, 4.5]",5,3,24.0
nebula_bore,Nebula Bore,"['rare', 'melee', 'mod', 'archwing', 'archmelee']",,0,7,0.0,0,7,0,3,7.7,9,5.0,"[5.5, 8.5, 5, 5, 5, 6, 9]",9,5,23.0
antimatter_absorb,Antimatter Absorb,"['mod', 'warframe', 'nova', 'augment', 'rare']",,3,16,0.19,2,9,7,2,9.5,10,9.5,"[9.5, 9.5, 9.0, 10, 14, 10, 10]",15,7,22.6
sudden_impact,Sudden Impact,"['common', 'melee', 'mod', 'archwing', 'archmelee']",,0,5,0.0,0,4,0,2,10.0,10,5.0,"[5, 5, 3, 8, 4, 4, 10]",10,4,20.0
poppin_vert,Poppin' Vert,"['mod', 'rare', 'k_drive']",,1,4,0.25,2,16,14,1,15.0,19.0,14,"[15.0, 19, 20, 18, 20, 15, 19.0]",20,15,18.8
seismic_palm,Seismic Palm,"['mod', 'rare', 'stance', 'fists']",,0,16,0.0,0,3,0,2,9.0,1,3,"[3.5, 3, 1.5, 2, 3.5, 3, 1]",5,1,18.0
shotgun_barrage,Shotgun Barrage,"['shotgun', 'mod', 'uncommon', 'primary']",,0,16,0.0,0,3,0,6,3.0,3,3.0,"[3, 2, 4, 2, 3.5, 3, 3]",4,2,18.0
grim_fury,Grim Fury,"['mod', 'uncommon', 'stance', 'sparring']",,0,14,0.0,0,3,0,4,4.5,3,4.0,"[3, 5, 4, 4, 3, 3, 3]",4,3,18.0
stunning_speed,Stunning Speed,"['mod', 'rare', 'pistol', 'secondary']",,0,23,0.0,0,2,0,7,2.4,2,2.5,"[3, 3, 2.5, 2.5, 2.5, 3, 2]",3,2,17.0
eleventh_storm,Eleventh Storm,"['mod', 'uncommon', 'stance', 'sword_and_shield']",,0,12,0.0,0,3,0,3,5.3,3,4.0,"[4, 4, 3.5, 3.5, 4.0, 4.0, 3]",4,1,16.0
depleted_reload,Depleted Reload,"['sniper', 'mod', 'rare', 'primary']",,0,24,0.0,0,2,0,8,1.9,2,2.0,"[2.0, 2.0, 2, 2.5, 2, 1.5, 2]",4,1,15.5
smite_corrupted,Smite Orokin,"['mod', 'melee', 'uncommon']",,0,4,0.0,0,20,0,1,15.0,10,13.8,"[12, 14, 11.0, 10, 11.5, 15, 10]",15,8,15.0
north_wind,North Wind,"['mod', 'melee', 'uncommon']",,0,10,0.0,0,1,0,1,15.0,2,2.0,"[2, 1, 2, 3, 1.5, 2, 2]",3,1,15.0
war_hilt,War Hilt,"['component', 'weapon']",,0,7,0.0,0,2,0,8,1.8,2,2.0,"[2.0, 2, 2, 2, 2, 2, 2]",2,1,14.0
skull_shots,Skull Shots,"['pvp', 'viper', 'rare', 'mod', 'secondary']",,1,8,0.12,2,9,7,1,12.0,12,10,"[9, 10, 10.0, 9, 15, 15, 12]",15,9,13.5
stalk,Stalk,"['mod', 'rare', 'kubrow', 'huras_kubrow']",,0,12,0.0,0,5,0,2,6.5,5,7.0,"[8, 8.5, 5, 7.0, 7, 7.5, 5]",9,5,13.0
shrapnel_shot,Shrapnel Shot,"['common', 'shotgun', 'mod', 'primary']",,0,5,0.0,0,9,0,2,6.5,9,5.5,"[7, 7, 7.0, 5, 5.5, 4, 9]",9,4,13.0
shotgun_scavenger,Shotgun Scavenger,"['mod', 'aura', 'uncommon']",,2,7,0.29,5,10,5,1,10.0,10,9.0,"[9, 8.0, 8, 12.5, 6, 10, 10]",15,6,12.9
singularity,Singularity,"['mod', 'warframe', 'nyx', 'augment', 'rare']",,2,5,0.4,3,10,7,1,9.0,9,9.5,"[8, 8.5, 10.0, 10, 9, 10, 9]",10,9,12.6
disarming_purity,Disarming Purity,"['syndicate', 'mod', 'rare', 'primary', 'panthera']",,2,8,0.25,2,14,12,1,10.0,20,10.8,"[15, 15, 20, 20, 10, 11.5, 20]",20,8,12.5
irradiating_disarm,Irradiating Disarm,"['mod', 'warframe', 'augment', 'loki', 'rare']",,4,18,0.22,3,3,0,1,10.0,11,11,"[11.0, 10, 9, 10, 10.5, 10, 11]",11,10,12.2
purging_slash,Purging Slash,"['mod', 'warframe', 'excalibur', 'augment', 'rare']",,1,8,0.12,2,10,8,1,10.0,10,9,"[10, 9, 10, 8, 10, 9, 10]",10,8,11.2
zhuge_prime_blueprint,Zhuge Prime Blueprint,"['primary', 'prime', 'weapon', 'blueprint']",45,0,6,0.0,0,7,0,2,5.5,5,5,"[6.0, 5, 5.0, 5, 5.5, 5, 5]",7,4,11.0
gleaming_blight,Gleaming Blight,"['syndicate', 'mod', 'melee', 'rare', 'dark_dagger']",,0,11,0.0,0,5,0,1,11.0,11,9.0,"[6, 8, 9.5, 9, 9, 7, 11]",11,7,11.0
steady_hands,Steady Hands,"['mod', 'rare', 'pistol', 'secondary']",,0,18,0.0,0,3,0,4,2.8,2,2,"[2, 2, 2.5, 4.0, 3, 2, 2]",5,2,11.0
wolf_sledge_head,Wolf Sledge Head,"['component', 'weapon']",,1,6,0.17,2,5,3,2,4.5,5,4.0,"[3.0, 3.5, 4, 5, 4, 4.5, 5]",5,2,10.5
entropy_flight,Entropy Flight,"['syndicate', 'mod', 'melee', 'rare', 'kestrel']",,2,7,0.29,2,8,6,1,8.0,9.5,10.0,"[10.0, 9.0, 10.0, 9, 12, 14, 9.5]",15,8,10.3
swirling_tiger,Swirling Tiger,"['mod', 'uncommon', 'stance', 'dual_swords']",,0,12,0.0,0,2,0,3,3.3,2,3.0,"[4, 4, 4, 3, 3.5, 3, 2]",5,2,10.0
dig,Dig,"['mod', 'rare', 'kubrow', 'sahasa_kubrow']",,0,10,0.0,0,4,0,1,10.0,5,5.0,"[4.5, 3, 4, 4.5, 5, 5, 5]",5,4,10.0
streamline,Streamline,"['mod', 'warframe', 'rare']",,0,16,0.0,0,1,0,6,1.7,2.0,2.0,"[2.0, 2.0, 2, 2, 2, 2.0, 2.0]",3,1,10.0
jagged_edge,Jagged Edge,"['mod', 'melee', 'rare']",,0,17,0.0,0,3,0,3,3.3,3,3.0,"[3, 3.0, 2.0, 3, 5, 4, 3]",5,3,10.0
unleashed,Unleashed,"['mod', 'rare', 'kubrow', 'sunika_kubrow']",,0,8,0.0,0,6,0,2,5.0,5.0,5.2,"[7.5, 10, 5.5, 9, 5, 5, 5.0]",9,4,10.0
fast_hands,Fast Hands,"['common', 'mod', 'rifle', 'primary']",,0,7,0.0,0,2,0,1,9.0,3,3.0,"[3, 4, 3.0, 5, 3, 2, 3]",5,2,9.0
enemy_sense,Enemy Sense,"['mod', 'warframe', 'rare']",,0,15,0.0,0,4,0,2,4.5,4,3,"[4.0, 3, 4, 4, 3.0, 3, 4]",4,2,9.0
rifle_ammo_mutation,Rifle Ammo Mutation,"['mod', 'rare', 'primary', 'assault_rifle']",,0,10,0.0,0,4,0,2,4.5,4,5.0,"[5, 5, 5.0, 5, 5.0, 4.5, 4]",7,2,9.0
pistol_gambit,Pistol Gambit,"['common', 'mod', 'pistol', 'secondary']",,0,9,0.0,0,2,0,1,9.0,3,2.0,"[10, 2, 2, 2.0, 1, 3, 3]",3,1,9.0
battering_maneuver,Battering Maneuver,"['mod', 'uncommon', 'warframe']",,0,9,0.0,0,4,0,2,4.5,4,4,"[5, 4, 4, 4, 5, 5, 4]",10,4,9.0
quasar_drill,Quasar Drill,"['rare', 'primary', 'mod', 'archwing', 'archgun']",,0,9,0.0,0,5,0,2,4.0,4.0,5.0,"[7, 4, 5, 7, 8, 2, 4.0]",8,2,8.0
energy_inversion,Energy Inversion,"['mod', 'archwing', 'common']",,0,12,0.0,0,3,0,2,4.0,3,4.0,"[4.5, 5, 3, 5.5, 4, 5, 3]",7,3,8.0
spare_parts,Spare Parts,"['mod', 'uncommon', 'sentinel', 'robotic']",,0,12,0.0,0,3,0,3,2.7,3,3.0,"[4, 3.0, 3, 3, 4, 2.5, 3]",4,2,8.0
concealed_explosives,Concealed Explosives,"['mod', 'rare', 'secondary', 'thrown']",,0,10,0.0,0,3,0,3,2.7,2,3.0,"[5, 2.5, 2, 3.0, 3, 3, 2]",4,2,8.0
stockpiled_blight,Stockpiled Blight,"['syndicate', 'secondary', 'mod', 'rare', 'kunai']",,0,9,0.0,0,7,0,1,8.0,9,9.5,"[9, 9.5, 9.0, 9, 10, 10.0, 9]",10,9,8.0
fracturing_wind,Fracturing Wind,"['mod', 'uncommon', 'stance', 'fists']",,0,7,0.0,0,2,0,4,2.0,1,3.0,"[5, 2, 3, 2, 3, 1.5, 1]",3,1,8.0
justice_blades,Justice Blades,"['syndicate', 'dual_cleavers', 'mod', 'melee', 'rare']",,0,12,0.0,0,8,0,1,8.0,8,9.0,"[8, 7, 7, 10, 9, 10, 8]",10,8,8.0
deceptive_bond,Deceptive Bond,"['mod', 'warframe', 'augment', 'loki', 'rare']",,0,4,0.0,0,10,0,1,8.0,8,10.0,"[5, 16, 20, 10.0, 10, 15, 8]",15,8,8.0
cleanse_corpus,Cleanse Corpus,"['shotgun', 'mod', 'uncommon', 'primary']",,0,13,0.0,0,2,0,2,4.0,5,3.0,"[2, 3, 2, 3, 3, 2, 5]",5,2,8.0
naramon_lens,Naramon Lens,"['focus', 'lens']",,0,4,0.0,0,3,0,2,3.0,4,3,"[4.0, 4, 4.0, 4.0, 4.5, 4, 4]",5,3,6.0
chilling_grasp,Chilling Grasp,"['shotgun', 'mod', 'uncommon', 'primary']",,0,9,0.0,0,2,0,2,3.0,2,2.5,"[2, 2.5, 3.5, 3, 3, 4.0, 2]",4,2,6.0
comet_blast,Comet Blast,"['rare', 'primary', 'mod', 'archwing', 'archgun']",,0,11,0.0,0,3,0,1,5.0,5,5,"[4.5, 3, 6, 5.5, 5, 3.0, 5]",8,2,5.0
pummel,Pummel,"['mod', 'rare', 'pistol', 'secondary']",,0,14,0.0,0,3,0,1,5.0,5,4,"[4, 4, 3, 3, 2, 5, 5]",5,2,5.0
rift_strike,Rift Strike,"['mod', 'uncommon', 'melee', 'twin_basolk']",,0,7,0.0,0,5,0,1,5.0,5,5,"[4.5, 4, 6, 5, 4.5, 4, 5]",5,4,5.0
insulation,Insulation,"['mod', 'warframe', 'common']",,0,3,0.0,0,4,0,1,5.0,5,9,"[19, 9, 5]",19,5,5.0
modified_munitions,Modified Munitions,"['uncommon', 'primary', 'mod', 'archwing', 'archgun']",,0,10,0.0,0,4,0,1,5.0,5,5,"[4.0, 4, 5, 4, 4, 3, 5]",5,3,5.0
ghost,Ghost,"['mod', 'common', 'sentinel', 'shade']",,0,7,0.0,0,3,0,2,2.5,2.5,3,"[4, 3, 3, 2.5, 2, 3, 2.5]",3,2,5.0
arcane_consequence,Arcane Consequence,['arcane_enhancement'],,2,27,0.07,8,2,-6,2,2.0,2,2.8,"[3, 3, 2.0, 2, 2, 3, 2]",3,2,4.3
power_throw,Power Throw,"['mod', 'rare', 'melee', 'thrown_melee']",,0,26,0.0,0,1,0,3,1.3,1,1.0,"[1.0, 1.0, 1.0, 1, 1.0, 1, 1]",3,1,4.0
savagery,Savagery,"['mod', 'rare', 'kubrow', 'sunika_kubrow']",,0,6,0.0,0,3,0,1,4.0,4,4.5,"[4, 5, 6, 6, 4, 3, 4]",6,3,4.0
magazine_extension,Magazine Extension,"['common', 'primary', 'mod', 'archwing', 'archgun']",,0,11,0.0,0,3,0,1,4.0,4,4.5,"[3, 6, 4, 7, 5, 5, 4]",7,4,4.0
piercing_step,Piercing Step,"['mod', 'uncommon', 'warframe']",,0,11,0.0,0,3,0,1,4.0,5,5,"[3, 5, 20, 7, 5, 5, 5]",7,5,4.0
magazine_warp,Magazine Warp,"['common', 'mod', 'rifle', 'primary']",,0,9,0.0,0,3,0,1,4.0,4,4.0,"[20, 4, 5, 2, 5, 1, 4]",5,1,4.0
coiling_viper,Coiling Viper,"['mod', 'rare', 'stance', 'whips']",,0,14,0.0,0,1,0,2,2.0,2,2.0,"[2, 3, 2.0, 1.5, 2, 2, 2]",2,1,4.0
clashing_forest,Clashing Forest,"['mod', 'uncommon', 'stance', 'staves']",,0,12,0.0,0,3,0,2,2.0,2.0,2.5,"[2, 5, 2.5, 3, 2, 2.5, 2.0]",3,2,4.0
sense_danger,Fear Sense,"['mod', 'kavat', 'uncommon']",,0,6,0.0,0,2,0,1,4.0,3.0,4,"[3.5, 3, 4, 4, 5, 4, 3.0]",5,2,4.0
heated_charge,Heated Charge,"['mod', 'uncommon', 'pistol', 'secondary']",,0,13,0.0,0,2,0,2,1.5,2,3,"[1, 3, 2, 2.0, 3.0, 2, 2]",4,1,3.0
calculated_redirection,Calculated Redirection,"['mod', 'common', 'sentinel', 'companion']",,1,21,0.05,10,1,-9,1,2.0,2,2.0,"[1, 1, 3, 1, 1, 4, 2]",4,1,2.1
no_return,No Return,"['mod', 'uncommon', 'pistol', 'secondary']",,0,8,0.0,0,1,0,1,2.0,2,3,"[3, 1, 2, 4, 4, 1, 2]",4,1,2.0
shotgun_savvy,Shotgun Savvy,"['shotgun', 'mod', 'uncommon', 'primary']",,0,13,0.0,0,2,0,1,2.0,2,3.0,"[2.5, 4, 3, 4, 2, 5, 2]",5,2,2.0
crossing_snakes,Crossing Snakes,"['mod', 'rare', 'stance', 'dual_swords']",,0,15,0.0,0,2,0,1,2.0,2,2.0,"[2.5, 1, 2, 2, 1, 1, 2]",2,1,2.0
heavy_impact,Heavy Impact,"['mod', 'warframe', 'uncommon']",,0,10,0.0,0,2,0,1,2.0,2,3.0,"[2, 3, 3, 3, 5, 3, 2]",5,2,2.0
thunderbolt,Thunderbolt,"['mod', 'rare', 'primary', 'bow']",,0,15,0.0,0,2,0,1,2.0,2,2,"[3, 7, 5, 1, 2, 3, 2]",3,1,2.0
convulsion,Convulsion,"['mod', 'uncommon', 'pistol', 'secondary']",,0,13,0.0,0,1,0,1,2.0,3.0,2,"[1, 1, 1, 2, 1, 2, 3.0]",4,1,2.0
vulpine_mask,Vulpine Mask,"['mod', 'rare', 'stance', 'rapiers']",,0,18,0.0,0,1,0,1,1.0,1,2.0,"[1.5, 2, 2, 1, 2, 1, 1]",2,1,1.0
energy_channel,Energy Channel,"['mod', 'melee', 'rare']",,0,13,0.0,0,2,0,1,1.0,5,2,"[2, 2, 2, 1, 2, 2, 5]",5,1,1.0
